link,price,description
https://www.kufar.by/item/221006631?searchId=9e4f4d78ee088293fa811235767ab574b2a8,40,Стулья барныеБрест
https://www.kufar.by/item/209651417?searchId=9e4f4d78ee088293fa811235767ab574b2a8,1450," ЛОФТ С ВЫКАТНЫМ УГЛОМ,(ДОСТАВКА , ГАРАНТИЯ)ГродноДоставка"
https://www.kufar.by/item/221066126?rank=0&searchId=9e4f4d78ee088293fa811235767ab574b2a8,1800,КухняМогилев
https://www.kufar.by/item/221063571?rank=1&searchId=9e4f4d78ee088293fa811235767ab574b2a8,50,Матрас детскийВитебск
https://www.kufar.by/item/221065875?rank=2&searchId=9e4f4d78ee088293fa811235767ab574b2a8,70,"Комод Минская, Молодечно"
https://www.kufar.by/item/221065771?rank=3&searchId=9e4f4d78ee088293fa811235767ab574b2a8,35,"Стул компьютерныйМинск, Фрунзенский"
https://www.kufar.by/item/221065590?rank=4&searchId=9e4f4d78ee088293fa811235767ab574b2a8,200,"Туалетный столикГомельская, Жлобин"
https://www.kufar.by/item/221065354?rank=5&searchId=9e4f4d78ee088293fa811235767ab574b2a8,10,"кроватка 60 х 120 без матрасаМинск, Фрунзенский"
https://www.kufar.by/item/220202841?rank=8&searchId=9e4f4d78ee088293fa811235767ab574b2a8,1029,"КУХНЯ В ХРУЩЁВКУМинск, Фрунзенский"
https://www.kufar.by/item/221064447?rank=10&searchId=9e4f4d78ee088293fa811235767ab574b2a8,10,"Ручки деревянные новые лотомМинск, Центральный"
https://www.kufar.by/item/221064408?rank=11&searchId=9e4f4d78ee088293fa811235767ab574b2a8,400,Мебель в гостиную Гродно
https://www.kufar.by/item/219662544?rank=12&searchId=9e4f4d78ee088293fa811235767ab574b2a8,220,"Люлька плетенаяМинск, Советский"
https://www.kufar.by/item/219167767?rank=13&searchId=9e4f4d78ee088293fa811235767ab574b2a8,140,"Детская кроватка с маятником и матрасомМинск, Московский"
https://www.kufar.by/item/221064017?rank=14&searchId=9e4f4d78ee088293fa811235767ab574b2a8,40,"Обувница Минская, Молодечно"
https://www.kufar.by/item/221064006?rank=15&searchId=9e4f4d78ee088293fa811235767ab574b2a8,10,Детская кроватка буБрест
https://www.kufar.by/item/221064007?rank=16&searchId=9e4f4d78ee088293fa811235767ab574b2a8,300,"Стол кухонный со стульями Минская, Молодечно"
https://www.kufar.by/item/219622834?rank=17&searchId=9e4f4d78ee088293fa811235767ab574b2a8,25,Стул деревянный детский для кормленияМогилев
https://www.kufar.by/item/220516397?rank=19&searchId=9e4f4d78ee088293fa811235767ab574b2a8,55,"Детский матрас Плитекс комфорт элитМинск, Советский"
https://www.kufar.by/item/212259828?rank=20&searchId=9e4f4d78ee088293fa811235767ab574b2a8,80,Кровать Гродно
https://www.kufar.by/item/212253005?rank=21&searchId=9e4f4d78ee088293fa811235767ab574b2a8,75,Прикроватная тумба ikeaГродно
https://www.kufar.by/item/221063785?rank=22&searchId=9e4f4d78ee088293fa811235767ab574b2a8,270,"Компьютерное кресло/стул HyperXМинск, Московский"
https://www.kufar.by/item/221063761?rank=23&searchId=9e4f4d78ee088293fa811235767ab574b2a8,600,"Игровое кресло ExploreМинск, Заводской"
https://www.kufar.by/item/221063693?rank=24&searchId=9e4f4d78ee088293fa811235767ab574b2a8,200,шкаф платянойБрест
https://www.kufar.by/item/221063688?rank=25&searchId=9e4f4d78ee088293fa811235767ab574b2a8,420,"Кровать со шкафом и столомМогилевская, Бобруйск"
https://www.kufar.by/item/221063672?rank=26&searchId=9e4f4d78ee088293fa811235767ab574b2a8,400,"Стенка Минская, Жодино"
https://www.kufar.by/item/221063624?rank=28&searchId=9e4f4d78ee088293fa811235767ab574b2a8,600,Диван пинскдревВитебск
https://www.kufar.by/item/220236381?rank=29&searchId=9e4f4d78ee088293fa811235767ab574b2a8,560,Кухонный уголок .Набор мебели .ДоставкаГомельДоставка по Беларуси
https://www.kufar.by/item/221063584?rank=30&searchId=9e4f4d78ee088293fa811235767ab574b2a8,750,"ГостинаяБрестская, Пинск"
https://www.kufar.by/item/220305564?rank=31&searchId=9e4f4d78ee088293fa811235767ab574b2a8,290,"Шкаф Ikea бримнэс brimnesМинск, Ленинский"
https://www.kufar.by/item/130502914?rank=32&searchId=9e4f4d78ee088293fa811235767ab574b2a8,94,"Кухонный шкаф-тумба под мойку 50 см (одна дверь), новыйМинск, ЦентральныйДоставка"
https://www.kufar.by/item/221063461?rank=33&searchId=9e4f4d78ee088293fa811235767ab574b2a8,140,"Кровать машинаБрестская, Ляховичи"
https://www.kufar.by/item/221063352?rank=34&searchId=9e4f4d78ee088293fa811235767ab574b2a8,570,"Комод Икеа ХемнэсМинск, Московский"
https://www.kufar.by/item/221063300?rank=35&searchId=9e4f4d78ee088293fa811235767ab574b2a8,60,Диван- кроватьГродно
https://www.kufar.by/item/219703204?rank=37&searchId=9e4f4d78ee088293fa811235767ab574b2a8,35,"Новая полка Брестская, Барановичи"
https://www.kufar.by/item/221063233?rank=38&searchId=9e4f4d78ee088293fa811235767ab574b2a8,80,Детский стульчик для кормления Гомель
https://www.kufar.by/item/221063221?rank=39&searchId=9e4f4d78ee088293fa811235767ab574b2a8,410,"Диван угловой Минская, Жодино"
https://www.kufar.by/item/220547342?rank=40&searchId=9e4f4d78ee088293fa811235767ab574b2a8,145,Кресло мешок Груша БЕСПЛАТНАЯ ДОСТАВКА 1-2 дняВитебскДоставкаРассрочка
https://www.kufar.by/item/221062223?rank=41&searchId=9e4f4d78ee088293fa811235767ab574b2a8,130,"Двусторонний Матрас Plitex Bamboo Nature 119х60х11Минск, Ленинский"
https://www.kufar.by/item/221063016?rank=42&searchId=9e4f4d78ee088293fa811235767ab574b2a8,870,"Кровать Икеа Хемнэс 180*200 с матрасом вегасМинск, Московский"
https://www.kufar.by/item/220236381,560,Кухонный уголок .Набор мебели .ДоставкаГомельДоставка по Беларуси
https://www.kufar.by/item/216147030,980,"КУХНИ ПОД ЗАКАЗ. МОДУЛЬНЫЕ РЕШЕНИЯ. ПРОЕКТ В ПОДАРОК.Минск, ФрунзенскийДоставка по Беларуси"
https://www.kufar.by/item/195045972,275,"Комплект: стол, 2 табурета, 2 стула Доставка по РБГродноДоставка по Беларуси"
https://www.kufar.by/item/205483176,400,"МОДУЛЬНЫЕ КУХНИ НОВЫЕ. НЕДОРОГО И КАЧЕСТВЕННО.Минск, ЦентральныйДоставка по Беларуси"
https://www.kufar.by/item/213390924,400,"БЮДЖЕТНЫЕ МОДУЛЬНЫЕ КУХНИ. ПРОЕКТ. ВЫЕЗД НА ЗАМЕР.Минск, ЦентральныйДоставка по Беларуси"
https://www.kufar.by/item/159932970,400,"Готовые кухни из ЛДСП. Цена за комплект.Минск, ПервомайскийДоставка по Беларуси"
https://www.kufar.by/item/176568717,700,"МОДУЛЬНЫЕ УГЛОВЫЕ И ПРЯМЫЕ КУХНИ. РАЗМЕРЫ. ЦВЕТА.Минск, ФрунзенскийДоставка по Беларуси"
https://www.kufar.by/item/221006631?searchId=c850b97eb0f8ae5165467f07751a38a94867,40,Стулья барныеБрест
https://www.kufar.by/item/209651417?searchId=c850b97eb0f8ae5165467f07751a38a94867,1450," ЛОФТ С ВЫКАТНЫМ УГЛОМ,(ДОСТАВКА , ГАРАНТИЯ)ГродноДоставка"
https://www.kufar.by/item/221062898?rank=43&searchId=c850b97eb0f8ae5165467f07751a38a94867,700,"Стенка Гомельская, Светлогорск"
https://www.kufar.by/item/220409146?rank=44&searchId=c850b97eb0f8ae5165467f07751a38a94867,145,Кресло мешок Груша Бесплатная доставка 1-2 дня РББрестДоставкаРассрочка
https://www.kufar.by/item/220408175?rank=45&searchId=c850b97eb0f8ae5165467f07751a38a94867,145,Кресло мешок Макси 2XL Бесплатная доставка по РБГомельДоставкаРассрочка
https://www.kufar.by/item/221062825?rank=46&searchId=c850b97eb0f8ae5165467f07751a38a94867,90,"Пеленальный столик IKEA Минск, Центральный"
https://www.kufar.by/item/221062765?rank=47&searchId=c850b97eb0f8ae5165467f07751a38a94867,90,"Компьютерное кресло Brabix Prestige ErgoМинск, Московский"
https://www.kufar.by/item/219161756?rank=48&searchId=c850b97eb0f8ae5165467f07751a38a94867,80,"Столешница Минск, Московский"
https://www.kufar.by/item/221062739?rank=50&searchId=c850b97eb0f8ae5165467f07751a38a94867,3500,Диван Молодечно мебельГродно
https://www.kufar.by/item/220407705?rank=51&searchId=c850b97eb0f8ae5165467f07751a38a94867,650,"Кровать Николетти Люкс 180x200 с матрасом Экстра ХМинск, Фрунзенский"
https://www.kufar.by/item/221060434?rank=52&searchId=c850b97eb0f8ae5165467f07751a38a94867,70,креслоМогилев
https://www.kufar.by/item/221062725?rank=53&searchId=c850b97eb0f8ae5165467f07751a38a94867,250,Кроватка KlupsГродно
https://www.kufar.by/item/221062702?rank=54&searchId=c850b97eb0f8ae5165467f07751a38a94867,200,"кроватьМинск, Октябрьский"
https://www.kufar.by/item/219753769?rank=55&searchId=c850b97eb0f8ae5165467f07751a38a94867,435,Кухонный гарнитурГродно
https://www.kufar.by/item/221005157?rank=56&searchId=c850b97eb0f8ae5165467f07751a38a94867,350,"ДиванМинская, Борисов"
https://www.kufar.by/item/221062613?rank=57&searchId=c850b97eb0f8ae5165467f07751a38a94867,10,"Ручки от кресла, Подлокотники для офисного стулаМинск, Советский"
https://www.kufar.by/item/221061931?rank=58&searchId=c850b97eb0f8ae5165467f07751a38a94867,50,"СтолМинская, Жодино"
https://www.kufar.by/item/220195518?rank=59&searchId=c850b97eb0f8ae5165467f07751a38a94867,894,"тахта с нишей (блок независ пружин) АКЦИЯ Минск, ПервомайскийДоставка"
https://www.kufar.by/item/221062578?rank=60&searchId=c850b97eb0f8ae5165467f07751a38a94867,300,"Офисная мебельМинск, Центральный"
https://www.kufar.by/item/193276080?rank=61&searchId=c850b97eb0f8ae5165467f07751a38a94867,309,"Пеленальный комод Incanto TesoroМинск, ЗаводскойДоставка"
https://www.kufar.by/item/221062551?rank=62&searchId=c850b97eb0f8ae5165467f07751a38a94867,160,"Стол письменный Гомельская, Мозырь"
https://www.kufar.by/item/221062540?rank=63&searchId=c850b97eb0f8ae5165467f07751a38a94867,150,Детская кровать Гродно
https://www.kufar.by/item/221062542?rank=64&searchId=c850b97eb0f8ae5165467f07751a38a94867,350,"Диван угловойВитебская, Поставы"
https://www.kufar.by/item/221062488?rank=66&searchId=c850b97eb0f8ae5165467f07751a38a94867,200,Угловой диван-кровать Гродно
https://www.kufar.by/item/199224908?rank=67&searchId=c850b97eb0f8ae5165467f07751a38a94867,600,"Модульная мебель Largo Classic Минск, Центральный"
https://www.kufar.by/item/221062362?rank=68&searchId=c850b97eb0f8ae5165467f07751a38a94867,250,Кровать двухъярусная .Гродно
https://www.kufar.by/item/204220659?rank=69&searchId=c850b97eb0f8ae5165467f07751a38a94867,250,"Выкатная тележка для кухниМинск, Московский"
https://www.kufar.by/item/204191773?rank=71&searchId=c850b97eb0f8ae5165467f07751a38a94867,200,"Выкатные кухонный полки ИкеяМинск, Московский"
https://www.kufar.by/item/220777280?rank=72&searchId=c850b97eb0f8ae5165467f07751a38a94867,4100,Мягкая Мебель Витебск
https://www.kufar.by/item/216647412?rank=73&searchId=c850b97eb0f8ae5165467f07751a38a94867,450,"Кровать машинкаМинск, Заводской"
https://www.kufar.by/item/221062301?rank=74&searchId=c850b97eb0f8ae5165467f07751a38a94867,20,Полка навесная Гомель
https://www.kufar.by/item/221062284?rank=75&searchId=c850b97eb0f8ae5165467f07751a38a94867,300,"Шкаф Минская, Солигорск"
https://www.kufar.by/item/221062269?rank=76&searchId=c850b97eb0f8ae5165467f07751a38a94867,30,"Полка-зеркало с подсветкой для ванной Минская, Жодино"
https://www.kufar.by/item/90295849?rank=77&searchId=c850b97eb0f8ae5165467f07751a38a94867,1330,"Тахта односпальная,двуспальная Акция Одеон-мебель Минск, Центральный"
https://www.kufar.by/item/219722873?rank=78&searchId=c850b97eb0f8ae5165467f07751a38a94867,150,СтульяГродно
https://www.kufar.by/item/99058019?rank=79&searchId=c850b97eb0f8ae5165467f07751a38a94867,1230,Кухонный уголок Армаг /Диван на кухню Одеон-мебельВитебск
https://www.kufar.by/item/219114377?rank=80&searchId=c850b97eb0f8ae5165467f07751a38a94867,250,"ШкафМинск, Октябрьский"
https://www.kufar.by/item/221062069?rank=81&searchId=c850b97eb0f8ae5165467f07751a38a94867,50,СтолВитебск
https://www.kufar.by/item/221061279?rank=83&searchId=c850b97eb0f8ae5165467f07751a38a94867,300,"зеркало дверь Витебская, Полоцк"
https://www.kufar.by/item/221062004?rank=84&searchId=c850b97eb0f8ae5165467f07751a38a94867,100,"Круглый стол + 2 скатерти + чехлы на стулья Могилевская, Бобруйск"
https://www.kufar.by/item/221061974?rank=85&searchId=c850b97eb0f8ae5165467f07751a38a94867,150,"Мебель б/уГомельская, Мозырь"
https://www.kufar.by/item/220236381,560,Кухонный уголок .Набор мебели .ДоставкаГомельДоставка по Беларуси
https://www.kufar.by/item/216147030,980,"КУХНИ ПОД ЗАКАЗ. МОДУЛЬНЫЕ РЕШЕНИЯ. ПРОЕКТ В ПОДАРОК.Минск, ФрунзенскийДоставка по Беларуси"
https://www.kufar.by/item/195045972,275,"Комплект: стол, 2 табурета, 2 стула Доставка по РБГродноДоставка по Беларуси"
https://www.kufar.by/item/205483176,400,"МОДУЛЬНЫЕ КУХНИ НОВЫЕ. НЕДОРОГО И КАЧЕСТВЕННО.Минск, ЦентральныйДоставка по Беларуси"
https://www.kufar.by/item/213390924,400,"БЮДЖЕТНЫЕ МОДУЛЬНЫЕ КУХНИ. ПРОЕКТ. ВЫЕЗД НА ЗАМЕР.Минск, ЦентральныйДоставка по Беларуси"
https://www.kufar.by/item/159932970,400,"Готовые кухни из ЛДСП. Цена за комплект.Минск, ПервомайскийДоставка по Беларуси"
https://www.kufar.by/item/176568717,700,"МОДУЛЬНЫЕ УГЛОВЫЕ И ПРЯМЫЕ КУХНИ. РАЗМЕРЫ. ЦВЕТА.Минск, ФрунзенскийДоставка по Беларуси"
https://www.kufar.by/item/221006631?searchId=5366394d1f0b47953d03916f8e4ded11b227,40,Стулья барныеБрест
https://www.kufar.by/item/209651417?searchId=5366394d1f0b47953d03916f8e4ded11b227,1450," ЛОФТ С ВЫКАТНЫМ УГЛОМ,(ДОСТАВКА , ГАРАНТИЯ)ГродноДоставка"
https://www.kufar.by/item/221061947?rank=86&searchId=5366394d1f0b47953d03916f8e4ded11b227,100,Детская кроватка-маятник Гродно
https://www.kufar.by/item/221061941?rank=87&searchId=5366394d1f0b47953d03916f8e4ded11b227,50,"Стулья для кухниВитебская, Полоцк"
https://www.kufar.by/item/221061901?rank=88&searchId=5366394d1f0b47953d03916f8e4ded11b227,450,ДиванВитебск
https://www.kufar.by/item/216147030?rank=89&searchId=5366394d1f0b47953d03916f8e4ded11b227,980,"КУХНИ ПОД ЗАКАЗ. МОДУЛЬНЫЕ РЕШЕНИЯ. ПРОЕКТ В ПОДАРОК.Минск, ФрунзенскийДоставка по Беларуси"
https://www.kufar.by/item/221061877?rank=90&searchId=5366394d1f0b47953d03916f8e4ded11b227,70,"Стол компьютерный Могилевская, Бобруйск"
https://www.kufar.by/item/210156300?rank=91&searchId=5366394d1f0b47953d03916f8e4ded11b227,295,"Гримерное зеркало, гримерный столикМинск, Ленинский"
https://www.kufar.by/item/221061839?rank=92&searchId=5366394d1f0b47953d03916f8e4ded11b227,15,Стол компьютерный Гродно
https://www.kufar.by/item/219908821?rank=93&searchId=5366394d1f0b47953d03916f8e4ded11b227,120,Угловой диван Могилев
https://www.kufar.by/item/220952187?rank=94&searchId=5366394d1f0b47953d03916f8e4ded11b227,300,"Кровать чердак, матрас, лесница-комодМинск, Советский"
https://www.kufar.by/item/221061825?rank=95&searchId=5366394d1f0b47953d03916f8e4ded11b227,145,"ТахтаВитебская, Глубокое"
https://www.kufar.by/item/221061810?rank=96&searchId=5366394d1f0b47953d03916f8e4ded11b227,100,"СтолМинская, Жодино"
https://www.kufar.by/item/221061776?rank=97&searchId=5366394d1f0b47953d03916f8e4ded11b227,255,"Мягкий уголокГродненская, Вороново"
https://www.kufar.by/item/221061761?rank=98&searchId=5366394d1f0b47953d03916f8e4ded11b227,190,"ДиванГродненская, Лида"
https://www.kufar.by/item/221061540?rank=99&searchId=5366394d1f0b47953d03916f8e4ded11b227,150,Стенка Брест
https://www.kufar.by/item/221061513?rank=100&searchId=5366394d1f0b47953d03916f8e4ded11b227,50,"КроватьГомельская, Рогачев"
https://www.kufar.by/item/195045972?rank=101&searchId=5366394d1f0b47953d03916f8e4ded11b227,275,"Комплект: стол, 2 табурета, 2 стула Доставка по РБГродноДоставка по Беларуси"
https://www.kufar.by/item/221061450?rank=102&searchId=5366394d1f0b47953d03916f8e4ded11b227,700,"Детская кроватка Гомельская, Мозырь"
https://www.kufar.by/item/221061445?rank=103&searchId=5366394d1f0b47953d03916f8e4ded11b227,600,"Диван-кровать угловой Минск, Фрунзенский"
https://www.kufar.by/item/217676561?rank=104&searchId=5366394d1f0b47953d03916f8e4ded11b227,300,СтенкаВитебск
https://www.kufar.by/item/221061412?rank=106&searchId=5366394d1f0b47953d03916f8e4ded11b227,350,"Диван угловойМогилевская, Кричев"
https://www.kufar.by/item/216332741?rank=107&searchId=5366394d1f0b47953d03916f8e4ded11b227,190,"Тумба TV ''Анника'' ИВ-116.04Минск, Первомайский"
https://www.kufar.by/item/216333193?rank=108&searchId=5366394d1f0b47953d03916f8e4ded11b227,180,"Шкаф для книг ''Анника'' ИВ-116.01Минск, Первомайский"
https://www.kufar.by/item/219750358?rank=109&searchId=5366394d1f0b47953d03916f8e4ded11b227,295,Угловой диванГродно
https://www.kufar.by/item/216332050?rank=110&searchId=5366394d1f0b47953d03916f8e4ded11b227,280,"Комод ''Анника'' ИВ-116.08Минск, Первомайский"
https://www.kufar.by/item/221061303?rank=111&searchId=5366394d1f0b47953d03916f8e4ded11b227,50,Сейф СССР Витебск
https://www.kufar.by/item/221061264?rank=112&searchId=5366394d1f0b47953d03916f8e4ded11b227,170,Матрас медицинский BelSon Med-1Витебск
https://www.kufar.by/item/215264733?rank=113&searchId=5366394d1f0b47953d03916f8e4ded11b227,25,"Стол стулья табурет ДОСТАВКАМинская, ЖодиноДоставка"
https://www.kufar.by/item/71568889?rank=114&searchId=5366394d1f0b47953d03916f8e4ded11b227,650,"Новый угловой диван.Минск, Советский"
https://www.kufar.by/item/221061193?rank=115&searchId=5366394d1f0b47953d03916f8e4ded11b227,250,"Детская кроватка Минск, Фрунзенский"
https://www.kufar.by/item/221061187?rank=116&searchId=5366394d1f0b47953d03916f8e4ded11b227,350,Диван + 2 кресла Гродно
https://www.kufar.by/item/221060424?rank=117&searchId=5366394d1f0b47953d03916f8e4ded11b227,100,Кроватка Витебск
https://www.kufar.by/item/215265760?rank=118&searchId=5366394d1f0b47953d03916f8e4ded11b227,25,"НОВЫЕ Стулья Столы Табуретки ДОСТАВКАБрестская, ПинскДоставка"
https://www.kufar.by/item/205483176?rank=119&searchId=5366394d1f0b47953d03916f8e4ded11b227,400,"МОДУЛЬНЫЕ КУХНИ НОВЫЕ. НЕДОРОГО И КАЧЕСТВЕННО.Минск, ЦентральныйДоставка по Беларуси"
https://www.kufar.by/item/205835554?rank=120&searchId=5366394d1f0b47953d03916f8e4ded11b227,350,"Диван-кроватьМинск, Центральный"
https://www.kufar.by/item/219814424?rank=121&searchId=5366394d1f0b47953d03916f8e4ded11b227,60,"КомодМинск, Ленинский"
https://www.kufar.by/item/176832713?rank=122&searchId=5366394d1f0b47953d03916f8e4ded11b227,180,"Тумба под телевизорМинск, Октябрьский"
https://www.kufar.by/item/221061048?rank=123&searchId=5366394d1f0b47953d03916f8e4ded11b227,30,"Стол детский Минск, Центральный"
https://www.kufar.by/item/219947757?rank=124&searchId=5366394d1f0b47953d03916f8e4ded11b227,6,"Ручка винтажная.Минск, Советский"
https://www.kufar.by/item/213390924?rank=125&searchId=5366394d1f0b47953d03916f8e4ded11b227,400,"БЮДЖЕТНЫЕ МОДУЛЬНЫЕ КУХНИ. ПРОЕКТ. ВЫЕЗД НА ЗАМЕР.Минск, ЦентральныйДоставка по Беларуси"
https://www.kufar.by/item/221060206?rank=126&searchId=5366394d1f0b47953d03916f8e4ded11b227,90,"Полированная секцияМинская, Молодечно"
https://www.kufar.by/item/221061001?rank=127&searchId=5366394d1f0b47953d03916f8e4ded11b227,850,Кресло-кровать Гродно
https://www.kufar.by/item/220236381,560,Кухонный уголок .Набор мебели .ДоставкаГомельДоставка по Беларуси
https://www.kufar.by/item/216147030,980,"КУХНИ ПОД ЗАКАЗ. МОДУЛЬНЫЕ РЕШЕНИЯ. ПРОЕКТ В ПОДАРОК.Минск, ФрунзенскийДоставка по Беларуси"
https://www.kufar.by/item/195045972,275,"Комплект: стол, 2 табурета, 2 стула Доставка по РБГродноДоставка по Беларуси"
https://www.kufar.by/item/205483176,400,"МОДУЛЬНЫЕ КУХНИ НОВЫЕ. НЕДОРОГО И КАЧЕСТВЕННО.Минск, ЦентральныйДоставка по Беларуси"
https://www.kufar.by/item/213390924,400,"БЮДЖЕТНЫЕ МОДУЛЬНЫЕ КУХНИ. ПРОЕКТ. ВЫЕЗД НА ЗАМЕР.Минск, ЦентральныйДоставка по Беларуси"
https://www.kufar.by/item/159932970,400,"Готовые кухни из ЛДСП. Цена за комплект.Минск, ПервомайскийДоставка по Беларуси"
https://www.kufar.by/item/176568717,700,"МОДУЛЬНЫЕ УГЛОВЫЕ И ПРЯМЫЕ КУХНИ. РАЗМЕРЫ. ЦВЕТА.Минск, ФрунзенскийДоставка по Беларуси"
https://www.kufar.by/item/221006631?searchId=00e6baf22868616cdffef8e1fe474cf864bd,40,Стулья барныеБрест
https://www.kufar.by/item/209651417?searchId=00e6baf22868616cdffef8e1fe474cf864bd,1450," ЛОФТ С ВЫКАТНЫМ УГЛОМ,(ДОСТАВКА , ГАРАНТИЯ)ГродноДоставка"
https://www.kufar.by/item/221060970?rank=130&searchId=00e6baf22868616cdffef8e1fe474cf864bd,70,"Тумба под Т ВГомельская, Светлогорск"
https://www.kufar.by/item/221060937?rank=131&searchId=00e6baf22868616cdffef8e1fe474cf864bd,50,"Письменный столМогилевская, Бобруйск"
https://www.kufar.by/item/221060902?rank=132&searchId=00e6baf22868616cdffef8e1fe474cf864bd,40,"Полка навеснаяМинск, Московский"
https://www.kufar.by/item/221059822?rank=134&searchId=00e6baf22868616cdffef8e1fe474cf864bd,350,Диван угловой Брест
https://www.kufar.by/item/220536036?rank=135&searchId=00e6baf22868616cdffef8e1fe474cf864bd,2500,"Шкаф купеГродненская, Слоним"
https://www.kufar.by/item/221060782?rank=137&searchId=00e6baf22868616cdffef8e1fe474cf864bd,30,Матраc детский (1200*600)Гомель
https://www.kufar.by/item/221060730?rank=138&searchId=00e6baf22868616cdffef8e1fe474cf864bd,1950,ДиванГомель
https://www.kufar.by/item/212634106?rank=139&searchId=00e6baf22868616cdffef8e1fe474cf864bd,140,"Кровать дерев., матрас Plitex ортопедический Минская, Жодино"
https://www.kufar.by/item/221060719?rank=140&searchId=00e6baf22868616cdffef8e1fe474cf864bd,40,ТумбаГродно
https://www.kufar.by/item/221060682?rank=141&searchId=00e6baf22868616cdffef8e1fe474cf864bd,200,"Стульчик для кормленияМинская, Слуцк"
https://www.kufar.by/item/221059742?rank=142&searchId=00e6baf22868616cdffef8e1fe474cf864bd,250,Стенка для прихожей.Могилев
https://www.kufar.by/item/201135065?rank=143&searchId=00e6baf22868616cdffef8e1fe474cf864bd,1500,"Кухонный гарнитур с плитой и вытяжкойБрестская, Кобрин"
https://www.kufar.by/item/221060578?rank=145&searchId=00e6baf22868616cdffef8e1fe474cf864bd,35,Стол компьютерныйГродно
https://www.kufar.by/item/221060569?rank=146&searchId=00e6baf22868616cdffef8e1fe474cf864bd,10,Детская кроваткаБрест
https://www.kufar.by/item/221060573?rank=147&searchId=00e6baf22868616cdffef8e1fe474cf864bd,100,"Кровать для ребёнка 2-8 летМинск, Фрунзенский"
https://www.kufar.by/item/221060554?rank=148&searchId=00e6baf22868616cdffef8e1fe474cf864bd,150,"Кровать для девочкиМинск, Фрунзенский"
https://www.kufar.by/item/221060522?rank=149&searchId=00e6baf22868616cdffef8e1fe474cf864bd,20,Комод Гродно
https://www.kufar.by/item/219912985?rank=150&searchId=00e6baf22868616cdffef8e1fe474cf864bd,100,"Продам срочно Могилевская, Бобруйск"
https://www.kufar.by/item/221060479?rank=151&searchId=00e6baf22868616cdffef8e1fe474cf864bd,200,"Матрас Vegas free stress 160*200Минская, Марьина Горка"
https://www.kufar.by/item/221060466?rank=152&searchId=00e6baf22868616cdffef8e1fe474cf864bd,50,Ножки к столу Брест
https://www.kufar.by/item/221060446?rank=153&searchId=00e6baf22868616cdffef8e1fe474cf864bd,300,ШкафБрест
https://www.kufar.by/item/221060370?rank=155&searchId=00e6baf22868616cdffef8e1fe474cf864bd,50,"КуфарМинск, Фрунзенский"
https://www.kufar.by/item/221060365?rank=156&searchId=00e6baf22868616cdffef8e1fe474cf864bd,40,МатрасВитебск
https://www.kufar.by/item/221060040?rank=160&searchId=00e6baf22868616cdffef8e1fe474cf864bd,400,"Кровать мягкаяВитебская, Новополоцк"
https://www.kufar.by/item/220777837?rank=161&searchId=00e6baf22868616cdffef8e1fe474cf864bd,900,СрочноОбеденный стол со стульямиБрест
https://www.kufar.by/item/221060014?rank=162&searchId=00e6baf22868616cdffef8e1fe474cf864bd,80,СтолБрест
https://www.kufar.by/item/221060001?rank=163&searchId=00e6baf22868616cdffef8e1fe474cf864bd,100,тахтаМогилев
https://www.kufar.by/item/219456232?rank=164&searchId=00e6baf22868616cdffef8e1fe474cf864bd,400,"Кресло ретро винтажМинск, Первомайский"
https://www.kufar.by/item/221059924?rank=165&searchId=00e6baf22868616cdffef8e1fe474cf864bd,50,"ТумбочкаБрестская, Береза"
https://www.kufar.by/item/221059887?rank=166&searchId=00e6baf22868616cdffef8e1fe474cf864bd,850,"Мягкий уголок (диван и 2 кресла)Минская, Молодечно"
https://www.kufar.by/item/221059867?rank=167&searchId=00e6baf22868616cdffef8e1fe474cf864bd,350,"Шкаф-купеГомельская, Рогачев"
https://www.kufar.by/item/221059785?rank=169&searchId=00e6baf22868616cdffef8e1fe474cf864bd,70,"Комод пеленальныйМинская, Логойск"
https://www.kufar.by/item/221059770?rank=170&searchId=00e6baf22868616cdffef8e1fe474cf864bd,85,"НАСТЕННАЯ ПАНЕЛЬ IKEAМинск, Московский"
https://www.kufar.by/item/221059745?rank=171&searchId=00e6baf22868616cdffef8e1fe474cf864bd,15,Матрас в детскую кроваткуВитебск
https://www.kufar.by/item/220236381,560,Кухонный уголок .Набор мебели .ДоставкаГомельДоставка по Беларуси
https://www.kufar.by/item/216147030,980,"КУХНИ ПОД ЗАКАЗ. МОДУЛЬНЫЕ РЕШЕНИЯ. ПРОЕКТ В ПОДАРОК.Минск, ФрунзенскийДоставка по Беларуси"
https://www.kufar.by/item/195045972,275,"Комплект: стол, 2 табурета, 2 стула Доставка по РБГродноДоставка по Беларуси"
https://www.kufar.by/item/205483176,400,"МОДУЛЬНЫЕ КУХНИ НОВЫЕ. НЕДОРОГО И КАЧЕСТВЕННО.Минск, ЦентральныйДоставка по Беларуси"
https://www.kufar.by/item/213390924,400,"БЮДЖЕТНЫЕ МОДУЛЬНЫЕ КУХНИ. ПРОЕКТ. ВЫЕЗД НА ЗАМЕР.Минск, ЦентральныйДоставка по Беларуси"
https://www.kufar.by/item/159932970,400,"Готовые кухни из ЛДСП. Цена за комплект.Минск, ПервомайскийДоставка по Беларуси"
https://www.kufar.by/item/176568717,700,"МОДУЛЬНЫЕ УГЛОВЫЕ И ПРЯМЫЕ КУХНИ. РАЗМЕРЫ. ЦВЕТА.Минск, ФрунзенскийДоставка по Беларуси"
https://www.kufar.by/item/125705112?searchId=dc036472581a1b1c3e75d073cb00ce814317,65,"Стол кухонный 102х60см. НОВЫЕ. АКЦИЯ.Минск, Центральный"
https://www.kufar.by/item/221068335?rank=0&searchId=dc036472581a1b1c3e75d073cb00ce814317,30,"Кроватка детская деревяннаяМинск, Заводской"
https://www.kufar.by/item/203121373?rank=1&searchId=dc036472581a1b1c3e75d073cb00ce814317,700,"Диван-кровать,  большой (трехместный) Минск, Фрунзенский"
https://www.kufar.by/item/221067422?rank=3&searchId=dc036472581a1b1c3e75d073cb00ce814317,200,"Секция горка. Минская, Молодечно"
https://www.kufar.by/item/218115810?rank=4&searchId=dc036472581a1b1c3e75d073cb00ce814317,150,"Диван СРОЧНОМинск, Фрунзенский"
https://www.kufar.by/item/215266185?rank=6&searchId=dc036472581a1b1c3e75d073cb00ce814317,25,"Стол стулья табурет ДОСТАВКАГродненская, ЛидаДоставка"
https://www.kufar.by/item/221066702?rank=7&searchId=dc036472581a1b1c3e75d073cb00ce814317,300,Стенка 4-х секционная.Могилев
https://www.kufar.by/item/221066604?rank=8&searchId=dc036472581a1b1c3e75d073cb00ce814317,50,"Детская кроватка Могилевская, Бобруйск"
https://www.kufar.by/item/221066506?rank=9&searchId=dc036472581a1b1c3e75d073cb00ce814317,300,"Стеллаж стенка ИКЕЯ IKEAМинск, Первомайский"
https://www.kufar.by/item/221066126?rank=10&searchId=dc036472581a1b1c3e75d073cb00ce814317,1800,КухняМогилев
https://www.kufar.by/item/221063571?rank=11&searchId=dc036472581a1b1c3e75d073cb00ce814317,50,Матрас детскийВитебск
https://www.kufar.by/item/221065875?rank=12&searchId=dc036472581a1b1c3e75d073cb00ce814317,70,"Комод Минская, Молодечно"
https://www.kufar.by/item/221065771?rank=13&searchId=dc036472581a1b1c3e75d073cb00ce814317,35,"Стул компьютерныйМинск, Фрунзенский"
https://www.kufar.by/item/221065590?rank=14&searchId=dc036472581a1b1c3e75d073cb00ce814317,200,"Туалетный столикГомельская, Жлобин"
https://www.kufar.by/item/221065354?rank=15&searchId=dc036472581a1b1c3e75d073cb00ce814317,10,"кроватка 60 х 120 без матрасаМинск, Фрунзенский"
https://www.kufar.by/item/220202841?rank=18&searchId=dc036472581a1b1c3e75d073cb00ce814317,1029,"КУХНЯ В ХРУЩЁВКУМинск, Фрунзенский"
https://www.kufar.by/item/221064447?rank=20&searchId=dc036472581a1b1c3e75d073cb00ce814317,10,"Ручки деревянные новые лотомМинск, Центральный"
https://www.kufar.by/item/221064408?rank=21&searchId=dc036472581a1b1c3e75d073cb00ce814317,400,Мебель в гостиную Гродно
https://www.kufar.by/item/219662544?rank=22&searchId=dc036472581a1b1c3e75d073cb00ce814317,220,"Люлька плетенаяМинск, Советский"
https://www.kufar.by/item/219167767?rank=23&searchId=dc036472581a1b1c3e75d073cb00ce814317,140,"Детская кроватка с маятником и матрасомМинск, Московский"
https://www.kufar.by/item/221064017?rank=24&searchId=dc036472581a1b1c3e75d073cb00ce814317,40,"Обувница Минская, Молодечно"
https://www.kufar.by/item/221064006?rank=25&searchId=dc036472581a1b1c3e75d073cb00ce814317,10,Детская кроватка буБрест
https://www.kufar.by/item/221064007?rank=26&searchId=dc036472581a1b1c3e75d073cb00ce814317,300,"Стол кухонный со стульями Минская, Молодечно"
https://www.kufar.by/item/219622834?rank=27&searchId=dc036472581a1b1c3e75d073cb00ce814317,25,Стул деревянный детский для кормленияМогилев
https://www.kufar.by/item/220516397?rank=29&searchId=dc036472581a1b1c3e75d073cb00ce814317,55,"Детский матрас Плитекс комфорт элитМинск, Советский"
https://www.kufar.by/item/212259828?rank=30&searchId=dc036472581a1b1c3e75d073cb00ce814317,80,Кровать Гродно
https://www.kufar.by/item/212253005?rank=31&searchId=dc036472581a1b1c3e75d073cb00ce814317,75,Прикроватная тумба ikeaГродно
https://www.kufar.by/item/221063785?rank=32&searchId=dc036472581a1b1c3e75d073cb00ce814317,270,"Компьютерное кресло/стул HyperXМинск, Московский"
https://www.kufar.by/item/221063761?rank=33&searchId=dc036472581a1b1c3e75d073cb00ce814317,600,"Игровое кресло ExploreМинск, Заводской"
https://www.kufar.by/item/221063693?rank=34&searchId=dc036472581a1b1c3e75d073cb00ce814317,200,шкаф платянойБрест
https://www.kufar.by/item/221063688?rank=35&searchId=dc036472581a1b1c3e75d073cb00ce814317,420,"Кровать со шкафом и столомМогилевская, Бобруйск"
https://www.kufar.by/item/221063672?rank=36&searchId=dc036472581a1b1c3e75d073cb00ce814317,400,"Стенка Минская, Жодино"
https://www.kufar.by/item/221063624?rank=38&searchId=dc036472581a1b1c3e75d073cb00ce814317,600,Диван пинскдревВитебск
https://www.kufar.by/item/220236381?rank=39&searchId=dc036472581a1b1c3e75d073cb00ce814317,560,Кухонный уголок .Набор мебели .ДоставкаГомельДоставка по Беларуси
https://www.kufar.by/item/221063584?rank=40&searchId=dc036472581a1b1c3e75d073cb00ce814317,750,"ГостинаяБрестская, Пинск"
https://www.kufar.by/item/220305564?rank=41&searchId=dc036472581a1b1c3e75d073cb00ce814317,290,"Шкаф Ikea бримнэс brimnesМинск, Ленинский"
https://www.kufar.by/item/130502914?rank=42&searchId=dc036472581a1b1c3e75d073cb00ce814317,94,"Кухонный шкаф-тумба под мойку 50 см (одна дверь), новыйМинск, ЦентральныйДоставка"
https://www.kufar.by/item/220236381,560,Кухонный уголок .Набор мебели .ДоставкаГомельДоставка по Беларуси
https://www.kufar.by/item/216147030,980,"КУХНИ ПОД ЗАКАЗ. МОДУЛЬНЫЕ РЕШЕНИЯ. ПРОЕКТ В ПОДАРОК.Минск, ФрунзенскийДоставка по Беларуси"
https://www.kufar.by/item/195045972,275,"Комплект: стол, 2 табурета, 2 стула Доставка по РБГродноДоставка по Беларуси"
https://www.kufar.by/item/205483176,400,"МОДУЛЬНЫЕ КУХНИ НОВЫЕ. НЕДОРОГО И КАЧЕСТВЕННО.Минск, ЦентральныйДоставка по Беларуси"
https://www.kufar.by/item/213390924,400,"БЮДЖЕТНЫЕ МОДУЛЬНЫЕ КУХНИ. ПРОЕКТ. ВЫЕЗД НА ЗАМЕР.Минск, ЦентральныйДоставка по Беларуси"
https://www.kufar.by/item/159932970,400,"Готовые кухни из ЛДСП. Цена за комплект.Минск, ПервомайскийДоставка по Беларуси"
https://www.kufar.by/item/176568717,700,"МОДУЛЬНЫЕ УГЛОВЫЕ И ПРЯМЫЕ КУХНИ. РАЗМЕРЫ. ЦВЕТА.Минск, ФрунзенскийДоставка по Беларуси"
https://www.kufar.by/item/125705112?searchId=4799ebe8067a190dbe87c9938af837af9c7c,65,"Стол кухонный 102х60см. НОВЫЕ. АКЦИЯ.Минск, Центральный"
https://www.kufar.by/item/221063461?rank=43&searchId=4799ebe8067a190dbe87c9938af837af9c7c,140,"Кровать машинаБрестская, Ляховичи"
https://www.kufar.by/item/221063352?rank=44&searchId=4799ebe8067a190dbe87c9938af837af9c7c,570,"Комод Икеа ХемнэсМинск, Московский"
https://www.kufar.by/item/221063300?rank=45&searchId=4799ebe8067a190dbe87c9938af837af9c7c,60,Диван- кроватьГродно
https://www.kufar.by/item/219703204?rank=47&searchId=4799ebe8067a190dbe87c9938af837af9c7c,35,"Новая полка Брестская, Барановичи"
https://www.kufar.by/item/221063233?rank=48&searchId=4799ebe8067a190dbe87c9938af837af9c7c,80,Детский стульчик для кормления Гомель
https://www.kufar.by/item/221063221?rank=49&searchId=4799ebe8067a190dbe87c9938af837af9c7c,410,"Диван угловой Минская, Жодино"
https://www.kufar.by/item/220547342?rank=50&searchId=4799ebe8067a190dbe87c9938af837af9c7c,145,Кресло мешок Груша БЕСПЛАТНАЯ ДОСТАВКА 1-2 дняВитебскДоставкаРассрочка
https://www.kufar.by/item/221062223?rank=51&searchId=4799ebe8067a190dbe87c9938af837af9c7c,130,"Двусторонний Матрас Plitex Bamboo Nature 119х60х11Минск, Ленинский"
https://www.kufar.by/item/221063016?rank=52&searchId=4799ebe8067a190dbe87c9938af837af9c7c,870,"Кровать Икеа Хемнэс 180*200 с матрасом вегасМинск, Московский"
https://www.kufar.by/item/221062898?rank=53&searchId=4799ebe8067a190dbe87c9938af837af9c7c,700,"Стенка Гомельская, Светлогорск"
https://www.kufar.by/item/220409146?rank=54&searchId=4799ebe8067a190dbe87c9938af837af9c7c,145,Кресло мешок Груша Бесплатная доставка 1-2 дня РББрестДоставкаРассрочка
https://www.kufar.by/item/220408175?rank=55&searchId=4799ebe8067a190dbe87c9938af837af9c7c,145,Кресло мешок Макси 2XL Бесплатная доставка по РБГомельДоставкаРассрочка
https://www.kufar.by/item/221062825?rank=56&searchId=4799ebe8067a190dbe87c9938af837af9c7c,90,"Пеленальный столик IKEA Минск, Центральный"
https://www.kufar.by/item/221062765?rank=57&searchId=4799ebe8067a190dbe87c9938af837af9c7c,90,"Компьютерное кресло Brabix Prestige ErgoМинск, Московский"
https://www.kufar.by/item/219161756?rank=58&searchId=4799ebe8067a190dbe87c9938af837af9c7c,80,"Столешница Минск, Московский"
https://www.kufar.by/item/221062739?rank=60&searchId=4799ebe8067a190dbe87c9938af837af9c7c,3500,Диван Молодечно мебельГродно
https://www.kufar.by/item/220407705?rank=61&searchId=4799ebe8067a190dbe87c9938af837af9c7c,650,"Кровать Николетти Люкс 180x200 с матрасом Экстра ХМинск, Фрунзенский"
https://www.kufar.by/item/221060434?rank=62&searchId=4799ebe8067a190dbe87c9938af837af9c7c,70,креслоМогилев
https://www.kufar.by/item/221062725?rank=63&searchId=4799ebe8067a190dbe87c9938af837af9c7c,250,Кроватка KlupsГродно
https://www.kufar.by/item/221062702?rank=64&searchId=4799ebe8067a190dbe87c9938af837af9c7c,200,"кроватьМинск, Октябрьский"
https://www.kufar.by/item/219753769?rank=65&searchId=4799ebe8067a190dbe87c9938af837af9c7c,435,Кухонный гарнитурГродно
https://www.kufar.by/item/221005157?rank=66&searchId=4799ebe8067a190dbe87c9938af837af9c7c,350,"ДиванМинская, Борисов"
https://www.kufar.by/item/221062613?rank=67&searchId=4799ebe8067a190dbe87c9938af837af9c7c,10,"Ручки от кресла, Подлокотники для офисного стулаМинск, Советский"
https://www.kufar.by/item/221061931?rank=68&searchId=4799ebe8067a190dbe87c9938af837af9c7c,50,"СтолМинская, Жодино"
https://www.kufar.by/item/220195518?rank=69&searchId=4799ebe8067a190dbe87c9938af837af9c7c,894,"тахта с нишей (блок независ пружин) АКЦИЯ Минск, ПервомайскийДоставка"
https://www.kufar.by/item/221062578?rank=70&searchId=4799ebe8067a190dbe87c9938af837af9c7c,300,"Офисная мебельМинск, Центральный"
https://www.kufar.by/item/193276080?rank=71&searchId=4799ebe8067a190dbe87c9938af837af9c7c,309,"Пеленальный комод Incanto TesoroМинск, ЗаводскойДоставка"
https://www.kufar.by/item/221062551?rank=72&searchId=4799ebe8067a190dbe87c9938af837af9c7c,160,"Стол письменный Гомельская, Мозырь"
https://www.kufar.by/item/221062540?rank=73&searchId=4799ebe8067a190dbe87c9938af837af9c7c,150,Детская кровать Гродно
https://www.kufar.by/item/221062542?rank=74&searchId=4799ebe8067a190dbe87c9938af837af9c7c,350,"Диван угловойВитебская, Поставы"
https://www.kufar.by/item/221062488?rank=76&searchId=4799ebe8067a190dbe87c9938af837af9c7c,200,Угловой диван-кровать Гродно
https://www.kufar.by/item/199224908?rank=77&searchId=4799ebe8067a190dbe87c9938af837af9c7c,600,"Модульная мебель Largo Classic Минск, Центральный"
https://www.kufar.by/item/221062362?rank=78&searchId=4799ebe8067a190dbe87c9938af837af9c7c,250,Кровать двухъярусная .Гродно
https://www.kufar.by/item/204220659?rank=79&searchId=4799ebe8067a190dbe87c9938af837af9c7c,250,"Выкатная тележка для кухниМинск, Московский"
https://www.kufar.by/item/204191773?rank=81&searchId=4799ebe8067a190dbe87c9938af837af9c7c,200,"Выкатные кухонный полки ИкеяМинск, Московский"
https://www.kufar.by/item/220777280?rank=82&searchId=4799ebe8067a190dbe87c9938af837af9c7c,4100,Мягкая Мебель Витебск
https://www.kufar.by/item/216647412?rank=83&searchId=4799ebe8067a190dbe87c9938af837af9c7c,450,"Кровать машинкаМинск, Заводской"
https://www.kufar.by/item/221062301?rank=84&searchId=4799ebe8067a190dbe87c9938af837af9c7c,20,Полка навесная Гомель
https://www.kufar.by/item/221062284?rank=85&searchId=4799ebe8067a190dbe87c9938af837af9c7c,300,"Шкаф Минская, Солигорск"
https://www.kufar.by/item/220236381,560,Кухонный уголок .Набор мебели .ДоставкаГомельДоставка по Беларуси
https://www.kufar.by/item/216147030,980,"КУХНИ ПОД ЗАКАЗ. МОДУЛЬНЫЕ РЕШЕНИЯ. ПРОЕКТ В ПОДАРОК.Минск, ФрунзенскийДоставка по Беларуси"
https://www.kufar.by/item/195045972,275,"Комплект: стол, 2 табурета, 2 стула Доставка по РБГродноДоставка по Беларуси"
https://www.kufar.by/item/205483176,400,"МОДУЛЬНЫЕ КУХНИ НОВЫЕ. НЕДОРОГО И КАЧЕСТВЕННО.Минск, ЦентральныйДоставка по Беларуси"
https://www.kufar.by/item/213390924,400,"БЮДЖЕТНЫЕ МОДУЛЬНЫЕ КУХНИ. ПРОЕКТ. ВЫЕЗД НА ЗАМЕР.Минск, ЦентральныйДоставка по Беларуси"
https://www.kufar.by/item/159932970,400,"Готовые кухни из ЛДСП. Цена за комплект.Минск, ПервомайскийДоставка по Беларуси"
https://www.kufar.by/item/176568717,700,"МОДУЛЬНЫЕ УГЛОВЫЕ И ПРЯМЫЕ КУХНИ. РАЗМЕРЫ. ЦВЕТА.Минск, ФрунзенскийДоставка по Беларуси"
https://www.kufar.by/item/125705112?searchId=c94ccf628d1b1859a6acba8ed7f8fabf3e1f,65,"Стол кухонный 102х60см. НОВЫЕ. АКЦИЯ.Минск, Центральный"
https://www.kufar.by/item/221062269?rank=86&searchId=c94ccf628d1b1859a6acba8ed7f8fabf3e1f,30,"Полка-зеркало с подсветкой для ванной Минская, Жодино"
https://www.kufar.by/item/90295849?rank=87&searchId=c94ccf628d1b1859a6acba8ed7f8fabf3e1f,1330,"Тахта односпальная,двуспальная Акция Одеон-мебель Минск, Центральный"
https://www.kufar.by/item/219722873?rank=88&searchId=c94ccf628d1b1859a6acba8ed7f8fabf3e1f,150,СтульяГродно
https://www.kufar.by/item/99058019?rank=89&searchId=c94ccf628d1b1859a6acba8ed7f8fabf3e1f,1230,Кухонный уголок Армаг /Диван на кухню Одеон-мебельВитебск
https://www.kufar.by/item/219114377?rank=90&searchId=c94ccf628d1b1859a6acba8ed7f8fabf3e1f,250,"ШкафМинск, Октябрьский"
https://www.kufar.by/item/221062069?rank=91&searchId=c94ccf628d1b1859a6acba8ed7f8fabf3e1f,50,СтолВитебск
https://www.kufar.by/item/221061279?rank=93&searchId=c94ccf628d1b1859a6acba8ed7f8fabf3e1f,300,"зеркало дверь Витебская, Полоцк"
https://www.kufar.by/item/221062004?rank=94&searchId=c94ccf628d1b1859a6acba8ed7f8fabf3e1f,100,"Круглый стол + 2 скатерти + чехлы на стулья Могилевская, Бобруйск"
https://www.kufar.by/item/221061974?rank=95&searchId=c94ccf628d1b1859a6acba8ed7f8fabf3e1f,150,"Мебель б/уГомельская, Мозырь"
https://www.kufar.by/item/221061947?rank=96&searchId=c94ccf628d1b1859a6acba8ed7f8fabf3e1f,100,Детская кроватка-маятник Гродно
https://www.kufar.by/item/221061941?rank=97&searchId=c94ccf628d1b1859a6acba8ed7f8fabf3e1f,50,"Стулья для кухниВитебская, Полоцк"
https://www.kufar.by/item/221061901?rank=98&searchId=c94ccf628d1b1859a6acba8ed7f8fabf3e1f,450,ДиванВитебск
https://www.kufar.by/item/216147030?rank=99&searchId=c94ccf628d1b1859a6acba8ed7f8fabf3e1f,980,"КУХНИ ПОД ЗАКАЗ. МОДУЛЬНЫЕ РЕШЕНИЯ. ПРОЕКТ В ПОДАРОК.Минск, ФрунзенскийДоставка по Беларуси"
https://www.kufar.by/item/221061877?rank=100&searchId=c94ccf628d1b1859a6acba8ed7f8fabf3e1f,70,"Стол компьютерный Могилевская, Бобруйск"
https://www.kufar.by/item/210156300?rank=101&searchId=c94ccf628d1b1859a6acba8ed7f8fabf3e1f,295,"Гримерное зеркало, гримерный столикМинск, Ленинский"
https://www.kufar.by/item/221061839?rank=102&searchId=c94ccf628d1b1859a6acba8ed7f8fabf3e1f,15,Стол компьютерный Гродно
https://www.kufar.by/item/219908821?rank=103&searchId=c94ccf628d1b1859a6acba8ed7f8fabf3e1f,120,Угловой диван Могилев
https://www.kufar.by/item/220952187?rank=104&searchId=c94ccf628d1b1859a6acba8ed7f8fabf3e1f,300,"Кровать чердак, матрас, лесница-комодМинск, Советский"
https://www.kufar.by/item/221061825?rank=105&searchId=c94ccf628d1b1859a6acba8ed7f8fabf3e1f,145,"ТахтаВитебская, Глубокое"
https://www.kufar.by/item/221061810?rank=106&searchId=c94ccf628d1b1859a6acba8ed7f8fabf3e1f,100,"СтолМинская, Жодино"
https://www.kufar.by/item/221061776?rank=107&searchId=c94ccf628d1b1859a6acba8ed7f8fabf3e1f,255,"Мягкий уголокГродненская, Вороново"
https://www.kufar.by/item/221061761?rank=108&searchId=c94ccf628d1b1859a6acba8ed7f8fabf3e1f,190,"ДиванГродненская, Лида"
https://www.kufar.by/item/221061540?rank=109&searchId=c94ccf628d1b1859a6acba8ed7f8fabf3e1f,150,Стенка Брест
https://www.kufar.by/item/221061513?rank=110&searchId=c94ccf628d1b1859a6acba8ed7f8fabf3e1f,50,"КроватьГомельская, Рогачев"
https://www.kufar.by/item/195045972?rank=111&searchId=c94ccf628d1b1859a6acba8ed7f8fabf3e1f,275,"Комплект: стол, 2 табурета, 2 стула Доставка по РБГродноДоставка по Беларуси"
https://www.kufar.by/item/221061450?rank=112&searchId=c94ccf628d1b1859a6acba8ed7f8fabf3e1f,700,"Детская кроватка Гомельская, Мозырь"
https://www.kufar.by/item/221061445?rank=113&searchId=c94ccf628d1b1859a6acba8ed7f8fabf3e1f,600,"Диван-кровать угловой Минск, Фрунзенский"
https://www.kufar.by/item/217676561?rank=114&searchId=c94ccf628d1b1859a6acba8ed7f8fabf3e1f,300,СтенкаВитебск
https://www.kufar.by/item/221061412?rank=116&searchId=c94ccf628d1b1859a6acba8ed7f8fabf3e1f,350,"Диван угловойМогилевская, Кричев"
https://www.kufar.by/item/216332741?rank=117&searchId=c94ccf628d1b1859a6acba8ed7f8fabf3e1f,190,"Тумба TV ''Анника'' ИВ-116.04Минск, Первомайский"
https://www.kufar.by/item/216333193?rank=118&searchId=c94ccf628d1b1859a6acba8ed7f8fabf3e1f,180,"Шкаф для книг ''Анника'' ИВ-116.01Минск, Первомайский"
https://www.kufar.by/item/219750358?rank=119&searchId=c94ccf628d1b1859a6acba8ed7f8fabf3e1f,295,Угловой диванГродно
https://www.kufar.by/item/216332050?rank=120&searchId=c94ccf628d1b1859a6acba8ed7f8fabf3e1f,280,"Комод ''Анника'' ИВ-116.08Минск, Первомайский"
https://www.kufar.by/item/221061303?rank=121&searchId=c94ccf628d1b1859a6acba8ed7f8fabf3e1f,50,Сейф СССР Витебск
https://www.kufar.by/item/221061264?rank=122&searchId=c94ccf628d1b1859a6acba8ed7f8fabf3e1f,170,Матрас медицинский BelSon Med-1Витебск
https://www.kufar.by/item/215264733?rank=123&searchId=c94ccf628d1b1859a6acba8ed7f8fabf3e1f,25,"Стол стулья табурет ДОСТАВКАМинская, ЖодиноДоставка"
https://www.kufar.by/item/71568889?rank=124&searchId=c94ccf628d1b1859a6acba8ed7f8fabf3e1f,650,"Новый угловой диван.Минск, Советский"
https://www.kufar.by/item/221061193?rank=125&searchId=c94ccf628d1b1859a6acba8ed7f8fabf3e1f,250,"Детская кроватка Минск, Фрунзенский"
https://www.kufar.by/item/221061187?rank=126&searchId=c94ccf628d1b1859a6acba8ed7f8fabf3e1f,300,Диван + 2 кресла Гродно
https://www.kufar.by/item/221060424?rank=127&searchId=c94ccf628d1b1859a6acba8ed7f8fabf3e1f,100,Кроватка Витебск
https://www.kufar.by/item/215265760?rank=128&searchId=c94ccf628d1b1859a6acba8ed7f8fabf3e1f,25,"НОВЫЕ Стулья Столы Табуретки ДОСТАВКАБрестская, ПинскДоставка"
https://www.kufar.by/item/220236381,560,Кухонный уголок .Набор мебели .ДоставкаГомельДоставка по Беларуси
https://www.kufar.by/item/216147030,980,"КУХНИ ПОД ЗАКАЗ. МОДУЛЬНЫЕ РЕШЕНИЯ. ПРОЕКТ В ПОДАРОК.Минск, ФрунзенскийДоставка по Беларуси"
https://www.kufar.by/item/195045972,275,"Комплект: стол, 2 табурета, 2 стула Доставка по РБГродноДоставка по Беларуси"
https://www.kufar.by/item/205483176,400,"МОДУЛЬНЫЕ КУХНИ НОВЫЕ. НЕДОРОГО И КАЧЕСТВЕННО.Минск, ЦентральныйДоставка по Беларуси"
https://www.kufar.by/item/213390924,400,"БЮДЖЕТНЫЕ МОДУЛЬНЫЕ КУХНИ. ПРОЕКТ. ВЫЕЗД НА ЗАМЕР.Минск, ЦентральныйДоставка по Беларуси"
https://www.kufar.by/item/159932970,400,"Готовые кухни из ЛДСП. Цена за комплект.Минск, ПервомайскийДоставка по Беларуси"
https://www.kufar.by/item/176568717,700,"МОДУЛЬНЫЕ УГЛОВЫЕ И ПРЯМЫЕ КУХНИ. РАЗМЕРЫ. ЦВЕТА.Минск, ФрунзенскийДоставка по Беларуси"
https://www.kufar.by/item/125705112?searchId=bcbf6071f528b4a51719de2eb3881e6d5040,65,"Стол кухонный 102х60см. НОВЫЕ. АКЦИЯ.Минск, Центральный"
https://www.kufar.by/item/205483176?rank=129&searchId=bcbf6071f528b4a51719de2eb3881e6d5040,400,"МОДУЛЬНЫЕ КУХНИ НОВЫЕ. НЕДОРОГО И КАЧЕСТВЕННО.Минск, ЦентральныйДоставка по Беларуси"
https://www.kufar.by/item/205835554?rank=130&searchId=bcbf6071f528b4a51719de2eb3881e6d5040,350,"Диван-кроватьМинск, Центральный"
https://www.kufar.by/item/219814424?rank=131&searchId=bcbf6071f528b4a51719de2eb3881e6d5040,60,"КомодМинск, Ленинский"
https://www.kufar.by/item/176832713?rank=132&searchId=bcbf6071f528b4a51719de2eb3881e6d5040,180,"Тумба под телевизорМинск, Октябрьский"
https://www.kufar.by/item/221061048?rank=133&searchId=bcbf6071f528b4a51719de2eb3881e6d5040,30,"Стол детский Минск, Центральный"
https://www.kufar.by/item/219947757?rank=134&searchId=bcbf6071f528b4a51719de2eb3881e6d5040,6,"Ручка винтажная.Минск, Советский"
https://www.kufar.by/item/213390924?rank=135&searchId=bcbf6071f528b4a51719de2eb3881e6d5040,400,"БЮДЖЕТНЫЕ МОДУЛЬНЫЕ КУХНИ. ПРОЕКТ. ВЫЕЗД НА ЗАМЕР.Минск, ЦентральныйДоставка по Беларуси"
https://www.kufar.by/item/221060206?rank=136&searchId=bcbf6071f528b4a51719de2eb3881e6d5040,90,"Полированная секцияМинская, Молодечно"
https://www.kufar.by/item/221061001?rank=137&searchId=bcbf6071f528b4a51719de2eb3881e6d5040,850,Кресло-кровать Гродно
https://www.kufar.by/item/221060970?rank=140&searchId=bcbf6071f528b4a51719de2eb3881e6d5040,70,"Тумба под Т ВГомельская, Светлогорск"
https://www.kufar.by/item/221060937?rank=141&searchId=bcbf6071f528b4a51719de2eb3881e6d5040,50,"Письменный столМогилевская, Бобруйск"
https://www.kufar.by/item/221060902?rank=142&searchId=bcbf6071f528b4a51719de2eb3881e6d5040,40,"Полка навеснаяМинск, Московский"
https://www.kufar.by/item/221059822?rank=144&searchId=bcbf6071f528b4a51719de2eb3881e6d5040,350,Диван угловой Брест
https://www.kufar.by/item/220536036?rank=145&searchId=bcbf6071f528b4a51719de2eb3881e6d5040,2500,"Шкаф купеГродненская, Слоним"
https://www.kufar.by/item/221060782?rank=147&searchId=bcbf6071f528b4a51719de2eb3881e6d5040,30,Матраc детский (1200*600)Гомель
https://www.kufar.by/item/221060730?rank=148&searchId=bcbf6071f528b4a51719de2eb3881e6d5040,1950,ДиванГомель
https://www.kufar.by/item/212634106?rank=149&searchId=bcbf6071f528b4a51719de2eb3881e6d5040,140,"Кровать дерев., матрас Plitex ортопедический Минская, Жодино"
https://www.kufar.by/item/221060719?rank=150&searchId=bcbf6071f528b4a51719de2eb3881e6d5040,40,ТумбаГродно
https://www.kufar.by/item/221060682?rank=151&searchId=bcbf6071f528b4a51719de2eb3881e6d5040,200,"Стульчик для кормленияМинская, Слуцк"
https://www.kufar.by/item/221059742?rank=152&searchId=bcbf6071f528b4a51719de2eb3881e6d5040,250,Стенка для прихожей.Могилев
https://www.kufar.by/item/201135065?rank=153&searchId=bcbf6071f528b4a51719de2eb3881e6d5040,1500,"Кухонный гарнитур с плитой и вытяжкойБрестская, Кобрин"
https://www.kufar.by/item/221060578?rank=155&searchId=bcbf6071f528b4a51719de2eb3881e6d5040,35,Стол компьютерныйГродно
https://www.kufar.by/item/221060569?rank=156&searchId=bcbf6071f528b4a51719de2eb3881e6d5040,10,Детская кроваткаБрест
https://www.kufar.by/item/221060573?rank=157&searchId=bcbf6071f528b4a51719de2eb3881e6d5040,100,"Кровать для ребёнка 2-8 летМинск, Фрунзенский"
https://www.kufar.by/item/221060554?rank=158&searchId=bcbf6071f528b4a51719de2eb3881e6d5040,150,"Кровать для девочкиМинск, Фрунзенский"
https://www.kufar.by/item/221060522?rank=159&searchId=bcbf6071f528b4a51719de2eb3881e6d5040,20,Комод Гродно
https://www.kufar.by/item/219912985?rank=160&searchId=bcbf6071f528b4a51719de2eb3881e6d5040,100,"Продам срочно Могилевская, Бобруйск"
https://www.kufar.by/item/221060479?rank=161&searchId=bcbf6071f528b4a51719de2eb3881e6d5040,200,"Матрас Vegas free stress 160*200Минская, Марьина Горка"
https://www.kufar.by/item/221060466?rank=162&searchId=bcbf6071f528b4a51719de2eb3881e6d5040,50,Ножки к столу Брест
https://www.kufar.by/item/221060446?rank=163&searchId=bcbf6071f528b4a51719de2eb3881e6d5040,300,ШкафБрест
https://www.kufar.by/item/221060370?rank=165&searchId=bcbf6071f528b4a51719de2eb3881e6d5040,50,"КуфарМинск, Фрунзенский"
https://www.kufar.by/item/221060365?rank=166&searchId=bcbf6071f528b4a51719de2eb3881e6d5040,40,МатрасВитебск
https://www.kufar.by/item/221060040?rank=170&searchId=bcbf6071f528b4a51719de2eb3881e6d5040,400,"Кровать мягкаяВитебская, Новополоцк"
https://www.kufar.by/item/220777837?rank=171&searchId=bcbf6071f528b4a51719de2eb3881e6d5040,900,СрочноОбеденный стол со стульямиБрест
https://www.kufar.by/item/220236381,560,Кухонный уголок .Набор мебели .ДоставкаГомельДоставка по Беларуси
https://www.kufar.by/item/216147030,980,"КУХНИ ПОД ЗАКАЗ. МОДУЛЬНЫЕ РЕШЕНИЯ. ПРОЕКТ В ПОДАРОК.Минск, ФрунзенскийДоставка по Беларуси"
https://www.kufar.by/item/195045972,275,"Комплект: стол, 2 табурета, 2 стула Доставка по РБГродноДоставка по Беларуси"
https://www.kufar.by/item/205483176,400,"МОДУЛЬНЫЕ КУХНИ НОВЫЕ. НЕДОРОГО И КАЧЕСТВЕННО.Минск, ЦентральныйДоставка по Беларуси"
https://www.kufar.by/item/213390924,400,"БЮДЖЕТНЫЕ МОДУЛЬНЫЕ КУХНИ. ПРОЕКТ. ВЫЕЗД НА ЗАМЕР.Минск, ЦентральныйДоставка по Беларуси"
https://www.kufar.by/item/159932970,400,"Готовые кухни из ЛДСП. Цена за комплект.Минск, ПервомайскийДоставка по Беларуси"
https://www.kufar.by/item/176568717,700,"МОДУЛЬНЫЕ УГЛОВЫЕ И ПРЯМЫЕ КУХНИ. РАЗМЕРЫ. ЦВЕТА.Минск, ФрунзенскийДоставка по Беларуси"
https://www.kufar.by/item/221065354?rank=5&searchId=9e4f4d78ee088293fa811235767ab574b2a8,10,"кроватка 60 х 120 без матрасаМинск, Фрунзенский"
https://www.kufar.by/item/221064447?rank=10&searchId=9e4f4d78ee088293fa811235767ab574b2a8,10,"Ручки деревянные новые лотомМинск, Центральный"
https://www.kufar.by/item/221064006?rank=15&searchId=9e4f4d78ee088293fa811235767ab574b2a8,10,Детская кроватка буБрест
https://www.kufar.by/item/219622834?rank=17&searchId=9e4f4d78ee088293fa811235767ab574b2a8,25,Стул деревянный детский для кормленияМогилев
https://www.kufar.by/item/221062613?rank=57&searchId=c850b97eb0f8ae5165467f07751a38a94867,10,"Ручки от кресла, Подлокотники для офисного стулаМинск, Советский"
https://www.kufar.by/item/221062301?rank=74&searchId=c850b97eb0f8ae5165467f07751a38a94867,20,Полка навесная Гомель
https://www.kufar.by/item/221061839?rank=92&searchId=5366394d1f0b47953d03916f8e4ded11b227,15,Стол компьютерный Гродно
https://www.kufar.by/item/215264733?rank=113&searchId=5366394d1f0b47953d03916f8e4ded11b227,25,"Стол стулья табурет ДОСТАВКАМинская, ЖодиноДоставка"
https://www.kufar.by/item/215265760?rank=118&searchId=5366394d1f0b47953d03916f8e4ded11b227,25,"НОВЫЕ Стулья Столы Табуретки ДОСТАВКАБрестская, ПинскДоставка"
https://www.kufar.by/item/219947757?rank=124&searchId=5366394d1f0b47953d03916f8e4ded11b227,6,"Ручка винтажная.Минск, Советский"
https://www.kufar.by/item/221060569?rank=146&searchId=00e6baf22868616cdffef8e1fe474cf864bd,10,Детская кроваткаБрест
https://www.kufar.by/item/221060522?rank=149&searchId=00e6baf22868616cdffef8e1fe474cf864bd,20,Комод Гродно
https://www.kufar.by/item/221059745?rank=171&searchId=00e6baf22868616cdffef8e1fe474cf864bd,15,Матрас в детскую кроваткуВитебск
https://www.kufar.by/item/215266185?rank=6&searchId=dc036472581a1b1c3e75d073cb00ce814317,25,"Стол стулья табурет ДОСТАВКАГродненская, ЛидаДоставка"
https://www.kufar.by/item/221065354?rank=15&searchId=dc036472581a1b1c3e75d073cb00ce814317,10,"кроватка 60 х 120 без матрасаМинск, Фрунзенский"
https://www.kufar.by/item/221064447?rank=20&searchId=dc036472581a1b1c3e75d073cb00ce814317,10,"Ручки деревянные новые лотомМинск, Центральный"
https://www.kufar.by/item/221064006?rank=25&searchId=dc036472581a1b1c3e75d073cb00ce814317,10,Детская кроватка буБрест
https://www.kufar.by/item/219622834?rank=27&searchId=dc036472581a1b1c3e75d073cb00ce814317,25,Стул деревянный детский для кормленияМогилев
https://www.kufar.by/item/221062613?rank=67&searchId=4799ebe8067a190dbe87c9938af837af9c7c,10,"Ручки от кресла, Подлокотники для офисного стулаМинск, Советский"
https://www.kufar.by/item/221062301?rank=84&searchId=4799ebe8067a190dbe87c9938af837af9c7c,20,Полка навесная Гомель
https://www.kufar.by/item/221061839?rank=102&searchId=c94ccf628d1b1859a6acba8ed7f8fabf3e1f,15,Стол компьютерный Гродно
https://www.kufar.by/item/215264733?rank=123&searchId=c94ccf628d1b1859a6acba8ed7f8fabf3e1f,25,"Стол стулья табурет ДОСТАВКАМинская, ЖодиноДоставка"
https://www.kufar.by/item/215265760?rank=128&searchId=c94ccf628d1b1859a6acba8ed7f8fabf3e1f,25,"НОВЫЕ Стулья Столы Табуретки ДОСТАВКАБрестская, ПинскДоставка"
https://www.kufar.by/item/219947757?rank=134&searchId=bcbf6071f528b4a51719de2eb3881e6d5040,6,"Ручка винтажная.Минск, Советский"
https://www.kufar.by/item/221060569?rank=156&searchId=bcbf6071f528b4a51719de2eb3881e6d5040,10,Детская кроваткаБрест
https://www.kufar.by/item/221060522?rank=159&searchId=bcbf6071f528b4a51719de2eb3881e6d5040,20,Комод Гродно
